create_date,zip_name,xml_file_name,msid,version_position_in_ms,stage_position_in_version,name,affective_person_id,triggered_by_person,start_date
1526868166,ejp_eLife_2018_05_20_02_01_06_2018_05_21_02_01_06.zip,19-09-2017-ISRA-eLife-12345.xml,12345,0,0,Preliminary Manuscript Data Submitted,11111,11111,1505844419
1526868166,ejp_eLife_2018_05_20_02_01_06_2018_05_21_02_01_06.zip,19-09-2017-ISRA-eLife-12345.xml,12345,0,1,Halted Manuscript Deleted,22222,22222,1507016825
1526868166,ejp_eLife_2018_05_20_02_01_06_2018_05_21_02_01_06.zip,19-09-2017-ISRA-eLife-12345.xml,12345,0,2,Manuscript Submission Undeleted,33333,33333,1519991402
1526868166,ejp_eLife_2018_05_20_02_01_06_2018_05_21_02_01_06.zip,19-09-2017-ISRA-eLife-12345.xml,12345,0,3,Preliminary Manuscript Data Submitted,33333,33333,1519991402
1526868166,ejp_eLife_2018_05_20_02_01_06_2018_05_21_02_01_06.zip,19-09-2017-ISRA-eLife-12345.xml,12345,0,4,Author Approved Converted Files,11111,11111,1526861480
1526868166,ejp_eLife_2018_05_20_02_01_06_2018_05_21_02_01_06.zip,19-09-2017-ISRA-eLife-12345.xml,12345,0,5,Initial QC Started,11111,11111,1526861481
1526868166,ejp_eLife_2018_05_20_02_01_06_2018_05_21_02_01_06.zip,19-09-2017-ISRA-eLife-12345.xml,12345,0,6,Initial QC Complete,44444,44444,1526863976
1526868166,ejp_eLife_2018_05_20_02_01_06_2018_05_21_02_01_06.zip,19-09-2017-ISRA-eLife-12345.xml,12345,0,7,Waiting for Deputy Editor Assignment,44444,44444,1526863976
1526868166,ejp_eLife_2018_05_20_02_01_06_2018_05_21_02_01_06.zip,19-09-2017-ISRA-eLife-12345.xml,12345,0,8,Deputy Editor Assigned,44444,44444,1526863980
1526868166,ejp_eLife_2018_05_20_02_01_06_2018_05_21_02_01_06.zip,19-09-2017-ISRA-eLife-12345.xml,12345,0,9,Waiting for Senior Editor Assignment,44444,44444,1526863980
1526868166,ejp_eLife_2018_05_20_02_01_06_2018_05_21_02_01_06.zip,25-08-2017-RA-ELIFE-23456.xml,23456,0,0,Preliminary Manuscript Data Submitted,55555,55555,1506506257
1526868166,ejp_eLife_2018_05_20_02_01_06_2018_05_21_02_01_06.zip,25-08-2017-RA-ELIFE-23456.xml,23456,0,1,Deputy Editor Assigned,33333,33333,1506508072
1526868166,ejp_eLife_2018_05_20_02_01_06_2018_05_21_02_01_06.zip,25-08-2017-RA-ELIFE-23456.xml,23456,0,2,Deputy Editor Assigned,33333,33333,1506508120
1526868166,ejp_eLife_2018_05_20_02_01_06_2018_05_21_02_01_06.zip,25-08-2017-RA-ELIFE-23456.xml,23456,0,3,Author Approved Converted Files,55555,55555,1506953557
1526868166,ejp_eLife_2018_05_20_02_01_06_2018_05_21_02_01_06.zip,25-08-2017-RA-ELIFE-23456.xml,23456,0,4,Initial QC Started,55555,55555,1506953558
1526868166,ejp_eLife_2018_05_20_02_01_06_2018_05_21_02_01_06.zip,25-08-2017-RA-ELIFE-23456.xml,23456,0,5,Initial QC Failed,22222,22222,1507011977
1526868166,ejp_eLife_2018_05_20_02_01_06_2018_05_21_02_01_06.zip,25-08-2017-RA-ELIFE-23456.xml,23456,0,6,Waiting for Author Approval of Converted Files,22222,22222,1507011977
1526868166,ejp_eLife_2018_05_20_02_01_06_2018_05_21_02_01_06.zip,25-08-2017-RA-ELIFE-23456.xml,23456,0,7,Author Approved Converted Files,55555,55555,1507029618
1526868166,ejp_eLife_2018_05_20_02_01_06_2018_05_21_02_01_06.zip,25-08-2017-RA-ELIFE-23456.xml,23456,0,8,Initial QC Started,55555,55555,1507029618
1526868166,ejp_eLife_2018_05_20_02_01_06_2018_05_21_02_01_06.zip,25-08-2017-RA-ELIFE-23456.xml,23456,0,9,Initial QC Complete,22222,22222,1507092220
1526868166,ejp_eLife_2018_05_20_02_01_06_2018_05_21_02_01_06.zip,25-08-2017-RA-ELIFE-23456.xml,23456,0,10,Waiting for Senior Editor Assignment,22222,22222,1507092220
1526868166,ejp_eLife_2018_05_20_02_01_06_2018_05_21_02_01_06.zip,25-08-2017-RA-ELIFE-23456.xml,23456,0,11,Senior Editor Assigned,33333,33333,1507093511
1526868166,ejp_eLife_2018_05_20_02_01_06_2018_05_21_02_01_06.zip,25-08-2017-RA-ELIFE-23456.xml,23456,0,12,Waiting for Reviewing Editor Assignment,33333,33333,1507093511
1526868166,ejp_eLife_2018_05_20_02_01_06_2018_05_21_02_01_06.zip,25-08-2017-RA-ELIFE-23456.xml,23456,0,13,Reviewing Editor Assigned,33333,33333,1507093525
1526868166,ejp_eLife_2018_05_20_02_01_06_2018_05_21_02_01_06.zip,25-08-2017-RA-ELIFE-23456.xml,23456,0,14,Reviewing Editor Assigned,33333,33333,1507093525
1526868166,ejp_eLife_2018_05_20_02_01_06_2018_05_21_02_01_06.zip,25-08-2017-RA-ELIFE-23456.xml,23456,0,15,Reviewing Editor Accept,33333,33333,1507093529
1526868166,ejp_eLife_2018_05_20_02_01_06_2018_05_21_02_01_06.zip,25-08-2017-RA-ELIFE-23456.xml,23456,0,16,Reviewing Editor Assigned,33333,33333,1507093529
1526868166,ejp_eLife_2018_05_20_02_01_06_2018_05_21_02_01_06.zip,25-08-2017-RA-ELIFE-23456.xml,23456,0,17,Waiting for Reviewer Assignment,33333,33333,1507093529
1526868166,ejp_eLife_2018_05_20_02_01_06_2018_05_21_02_01_06.zip,25-08-2017-RA-ELIFE-23456.xml,23456,0,18,Reviewers Assigned,33333,33333,1507093548
1526868166,ejp_eLife_2018_05_20_02_01_06_2018_05_21_02_01_06.zip,25-08-2017-RA-ELIFE-23456.xml,23456,0,19,Reviewers Accept,01111,33333,1507093551
1526868166,ejp_eLife_2018_05_20_02_01_06_2018_05_21_02_01_06.zip,25-08-2017-RA-ELIFE-23456.xml,23456,0,20,First Reviewer Accepted,66666,33333,1507093551
1526868166,ejp_eLife_2018_05_20_02_01_06_2018_05_21_02_01_06.zip,25-08-2017-RA-ELIFE-23456.xml,23456,0,21,Review Started,66666,33333,1507093551
1526868166,ejp_eLife_2018_05_20_02_01_06_2018_05_21_02_01_06.zip,25-08-2017-RA-ELIFE-23456.xml,23456,0,22,Reviewer Withdrawn,66666,77777,1508245230
1526868166,ejp_eLife_2018_05_20_02_01_06_2018_05_21_02_01_06.zip,25-08-2017-RA-ELIFE-23456.xml,23456,0,23,Contacting Reviewers,66666,66666,1508327708
1526868166,ejp_eLife_2018_05_20_02_01_06_2018_05_21_02_01_06.zip,25-08-2017-RA-ELIFE-23456.xml,23456,0,24,Reviewers Assigned,66666,66666,1508328082
1526868166,ejp_eLife_2018_05_20_02_01_06_2018_05_21_02_01_06.zip,25-08-2017-RA-ELIFE-23456.xml,23456,0,25,Contacting Reviewers,88888,66666,1508328108
1526868166,ejp_eLife_2018_05_20_02_01_06_2018_05_21_02_01_06.zip,25-08-2017-RA-ELIFE-23456.xml,23456,0,26,Contacting Reviewers,99999,66666,1508328221
1526868166,ejp_eLife_2018_05_20_02_01_06_2018_05_21_02_01_06.zip,25-08-2017-RA-ELIFE-23456.xml,23456,0,27,Contacting Reviewers,02222,66666,1508328719
1526868166,ejp_eLife_2018_05_20_02_01_06_2018_05_21_02_01_06.zip,25-08-2017-RA-ELIFE-23456.xml,23456,0,28,Reviewers Decline,88888,88888,1508378046
1526868166,ejp_eLife_2018_05_20_02_01_06_2018_05_21_02_01_06.zip,25-08-2017-RA-ELIFE-23456.xml,23456,0,29,Reviewers Decline,02222,02222,1508449576
1526868166,ejp_eLife_2018_05_20_02_01_06_2018_05_21_02_01_06.zip,25-08-2017-RA-ELIFE-23456.xml,23456,0,30,Contacting Reviewers,99999,77777,1509090819
1526868166,ejp_eLife_2018_05_20_02_01_06_2018_05_21_02_01_06.zip,25-08-2017-RA-ELIFE-23456.xml,23456,0,31,Manuscript Consultation Session Started,03333,03333,1509361732
1526868166,ejp_eLife_2018_05_20_02_01_06_2018_05_21_02_01_06.zip,25-08-2017-RA-ELIFE-23456.xml,23456,0,32,Reviewers Assigned,77777,77777,1509706791
1526868166,ejp_eLife_2018_05_20_02_01_06_2018_05_21_02_01_06.zip,25-08-2017-RA-ELIFE-23456.xml,23456,0,33,Contacting Reviewers,05555,77777,1509706795
1526868166,ejp_eLife_2018_05_20_02_01_06_2018_05_21_02_01_06.zip,25-08-2017-RA-ELIFE-23456.xml,23456,0,34,Contacting Reviewers,06666,77777,1509706802
1526868166,ejp_eLife_2018_05_20_02_01_06_2018_05_21_02_01_06.zip,25-08-2017-RA-ELIFE-23456.xml,23456,0,35,Contacting Reviewers,12222,77777,1509706806
1526868166,ejp_eLife_2018_05_20_02_01_06_2018_05_21_02_01_06.zip,25-08-2017-RA-ELIFE-23456.xml,23456,0,36,Reviewers Decline,06666,06666,1509713510
1526868166,ejp_eLife_2018_05_20_02_01_06_2018_05_21_02_01_06.zip,25-08-2017-RA-ELIFE-23456.xml,23456,0,37,Reviewers Assigned,03333,03333,1510119924
1526868166,ejp_eLife_2018_05_20_02_01_06_2018_05_21_02_01_06.zip,25-08-2017-RA-ELIFE-23456.xml,23456,0,38,Contacting Reviewers,04444,03333,1510119934
1526868166,ejp_eLife_2018_05_20_02_01_06_2018_05_21_02_01_06.zip,25-08-2017-RA-ELIFE-23456.xml,23456,0,39,Contacting Reviewers,07777,03333,1510120008
1526868166,ejp_eLife_2018_05_20_02_01_06_2018_05_21_02_01_06.zip,25-08-2017-RA-ELIFE-23456.xml,23456,0,40,Reviewers Assigned,03333,03333,1510120043
1526868166,ejp_eLife_2018_05_20_02_01_06_2018_05_21_02_01_06.zip,25-08-2017-RA-ELIFE-23456.xml,23456,0,41,Contacting Reviewers,08888,03333,1510120053
1526868166,ejp_eLife_2018_05_20_02_01_06_2018_05_21_02_01_06.zip,25-08-2017-RA-ELIFE-23456.xml,23456,0,42,Reviewers Accept,04444,09999,1510120636
1526868166,ejp_eLife_2018_05_20_02_01_06_2018_05_21_02_01_06.zip,25-08-2017-RA-ELIFE-23456.xml,23456,0,43,First Reviewer Accepted,04444,09999,1510120636
1526868166,ejp_eLife_2018_05_20_02_01_06_2018_05_21_02_01_06.zip,25-08-2017-RA-ELIFE-23456.xml,23456,0,44,Review Started,04444,09999,1510120636
1526868166,ejp_eLife_2018_05_20_02_01_06_2018_05_21_02_01_06.zip,25-08-2017-RA-ELIFE-23456.xml,23456,0,45,Reviewers Decline,07777,07777,1510123603
1526868166,ejp_eLife_2018_05_20_02_01_06_2018_05_21_02_01_06.zip,25-08-2017-RA-ELIFE-23456.xml,23456,0,46,Reviewers Decline,05555,13333,1510166178
1526868166,ejp_eLife_2018_05_20_02_01_06_2018_05_21_02_01_06.zip,25-08-2017-RA-ELIFE-23456.xml,23456,0,47,Reviewers Decline,08888,08888,1510166996
1526868166,ejp_eLife_2018_05_20_02_01_06_2018_05_21_02_01_06.zip,25-08-2017-RA-ELIFE-23456.xml,23456,0,48,Reviewers Decline,12222,12222,1510196367
1526868166,ejp_eLife_2018_05_20_02_01_06_2018_05_21_02_01_06.zip,25-08-2017-RA-ELIFE-23456.xml,23456,0,49,Reviewers Assigned,66666,66666,1510855854
1526868166,ejp_eLife_2018_05_20_02_01_06_2018_05_21_02_01_06.zip,25-08-2017-RA-ELIFE-23456.xml,23456,0,50,Contacting Reviewers,14444,66666,1510855887
1526868166,ejp_eLife_2018_05_20_02_01_06_2018_05_21_02_01_06.zip,25-08-2017-RA-ELIFE-23456.xml,23456,0,51,Contacting Reviewers,15555,66666,1510855919
1526868166,ejp_eLife_2018_05_20_02_01_06_2018_05_21_02_01_06.zip,25-08-2017-RA-ELIFE-23456.xml,23456,0,52,Reviewers Accept,14444,14444,1511157195
1526868166,ejp_eLife_2018_05_20_02_01_06_2018_05_21_02_01_06.zip,25-08-2017-RA-ELIFE-23456.xml,23456,0,53,Review Started,14444,14444,1511157195
1526868166,ejp_eLife_2018_05_20_02_01_06_2018_05_21_02_01_06.zip,25-08-2017-RA-ELIFE-23456.xml,23456,0,54,Reviewers Waited Too Long,15555,03333,1511346224
1526868166,ejp_eLife_2018_05_20_02_01_06_2018_05_21_02_01_06.zip,25-08-2017-RA-ELIFE-23456.xml,23456,0,55,Reviewers Assigned,16666,16666,1511581058
1526868166,ejp_eLife_2018_05_20_02_01_06_2018_05_21_02_01_06.zip,25-08-2017-RA-ELIFE-23456.xml,23456,0,56,Contacting Reviewers,16666,16666,1511581071
1526868166,ejp_eLife_2018_05_20_02_01_06_2018_05_21_02_01_06.zip,25-08-2017-RA-ELIFE-23456.xml,23456,0,57,Reviewers Accept,15555,15555,1511581086
1526868166,ejp_eLife_2018_05_20_02_01_06_2018_05_21_02_01_06.zip,25-08-2017-RA-ELIFE-23456.xml,23456,0,58,Review Started,15555,15555,1511581086
1526868166,ejp_eLife_2018_05_20_02_01_06_2018_05_21_02_01_06.zip,25-08-2017-RA-ELIFE-23456.xml,23456,0,59,All Reviewers Assigned,15555,15555,1511581086
1526868166,ejp_eLife_2018_05_20_02_01_06_2018_05_21_02_01_06.zip,25-08-2017-RA-ELIFE-23456.xml,23456,0,60,Review Received,14444,14444,1512631898
1526868166,ejp_eLife_2018_05_20_02_01_06_2018_05_21_02_01_06.zip,25-08-2017-RA-ELIFE-23456.xml,23456,0,61,Review Received,04444,09999,1513067583
1526868166,ejp_eLife_2018_05_20_02_01_06_2018_05_21_02_01_06.zip,25-08-2017-RA-ELIFE-23456.xml,23456,0,62,Reviewer Chasers Reset,15555,1001,1515651662
1526868166,ejp_eLife_2018_05_20_02_01_06_2018_05_21_02_01_06.zip,25-08-2017-RA-ELIFE-23456.xml,23456,0,63,Review Received,15555,15555,1515751965
1526868166,ejp_eLife_2018_05_20_02_01_06_2018_05_21_02_01_06.zip,25-08-2017-RA-ELIFE-23456.xml,23456,0,64,Review Complete,15555,15555,1515751966
1526868166,ejp_eLife_2018_05_20_02_01_06_2018_05_21_02_01_06.zip,25-08-2017-RA-ELIFE-23456.xml,23456,0,65,Reviewing Editor Decision Started,15555,15555,1515751966
1526868166,ejp_eLife_2018_05_20_02_01_06_2018_05_21_02_01_06.zip,25-08-2017-RA-ELIFE-23456.xml,23456,0,66,Manuscript Consultation Session Started,77777,77777,1517809031
1526868166,ejp_eLife_2018_05_20_02_01_06_2018_05_21_02_01_06.zip,25-08-2017-RA-ELIFE-23456.xml,23456,0,67,Reviewing Editor Decision Completed,66666,66666,1517945812
1526868166,ejp_eLife_2018_05_20_02_01_06_2018_05_21_02_01_06.zip,25-08-2017-RA-ELIFE-23456.xml,23456,0,68,Manuscript Revise and Re-Review,66666,66666,1517945812
1526868166,ejp_eLife_2018_05_20_02_01_06_2018_05_21_02_01_06.zip,25-08-2017-RA-ELIFE-23456.xml,23456,0,69,Proofing Decision Letter Started,66666,66666,1517945812
1526868166,ejp_eLife_2018_05_20_02_01_06_2018_05_21_02_01_06.zip,25-08-2017-RA-ELIFE-23456.xml,23456,0,70,Proofing Decision Letter Completed,17777,17777,1517947810
1526868166,ejp_eLife_2018_05_20_02_01_06_2018_05_21_02_01_06.zip,25-08-2017-RA-ELIFE-23456.xml,23456,0,71,Waiting to Send Decision to Author,17777,17777,1517947810
1526868166,ejp_eLife_2018_05_20_02_01_06_2018_05_21_02_01_06.zip,25-08-2017-RA-ELIFE-23456.xml,23456,0,72,Decision Sent to Author,18888,18888,1517951713
1526868166,ejp_eLife_2018_05_20_02_01_06_2018_05_21_02_01_06.zip,25-08-2017-RA-ELIFE-23456.xml,23456,0,73,Waiting for Revision,18888,18888,1517951713
1526868166,ejp_eLife_2018_05_20_02_01_06_2018_05_21_02_01_06.zip,25-08-2017-RA-ELIFE-23456.xml,23456,0,74,Manuscript Consultation Session Started,18888,18888,1517951890
1526868166,ejp_eLife_2018_05_20_02_01_06_2018_05_21_02_01_06.zip,25-08-2017-RA-ELIFE-23456.xml,23456,0,75,Revision Received,55555,55555,1522910646
1526868166,ejp_eLife_2018_05_20_02_01_06_2018_05_21_02_01_06.zip,25-08-2017-RA-ELIFE-23456.xml,23456,1,0,Preliminary Manuscript Data Submitted,55555,55555,1522910646
1526868166,ejp_eLife_2018_05_20_02_01_06_2018_05_21_02_01_06.zip,25-08-2017-RA-ELIFE-23456.xml,23456,1,1,Author Approved Converted Files,55555,55555,1523877240
1526868166,ejp_eLife_2018_05_20_02_01_06_2018_05_21_02_01_06.zip,25-08-2017-RA-ELIFE-23456.xml,23456,1,2,Senior Editor Assigned,55555,55555,1523877240
1526868166,ejp_eLife_2018_05_20_02_01_06_2018_05_21_02_01_06.zip,25-08-2017-RA-ELIFE-23456.xml,23456,1,3,Initial QC Started,55555,55555,1523877240
1526868166,ejp_eLife_2018_05_20_02_01_06_2018_05_21_02_01_06.zip,25-08-2017-RA-ELIFE-23456.xml,23456,1,4,Initial QC Failed,16666,16666,1523953794
1526868166,ejp_eLife_2018_05_20_02_01_06_2018_05_21_02_01_06.zip,25-08-2017-RA-ELIFE-23456.xml,23456,1,5,Waiting for Author Approval of Converted Files,16666,16666,1523953794
1526868166,ejp_eLife_2018_05_20_02_01_06_2018_05_21_02_01_06.zip,25-08-2017-RA-ELIFE-23456.xml,23456,1,6,Author Approved Converted Files,55555,55555,1524219773
1526868166,ejp_eLife_2018_05_20_02_01_06_2018_05_21_02_01_06.zip,25-08-2017-RA-ELIFE-23456.xml,23456,1,7,Senior Editor Assigned,55555,55555,1524219773
1526868166,ejp_eLife_2018_05_20_02_01_06_2018_05_21_02_01_06.zip,25-08-2017-RA-ELIFE-23456.xml,23456,1,8,Initial QC Started,55555,55555,1524219773
1526868166,ejp_eLife_2018_05_20_02_01_06_2018_05_21_02_01_06.zip,25-08-2017-RA-ELIFE-23456.xml,23456,1,9,Manuscript Consultation Session Started,16666,16666,1524387514
1526868166,ejp_eLife_2018_05_20_02_01_06_2018_05_21_02_01_06.zip,25-08-2017-RA-ELIFE-23456.xml,23456,1,10,Initial QC Complete,16666,16666,1524387547
1526868166,ejp_eLife_2018_05_20_02_01_06_2018_05_21_02_01_06.zip,25-08-2017-RA-ELIFE-23456.xml,23456,1,11,Waiting for Senior Editor Assignment,16666,16666,1524387547
1526868166,ejp_eLife_2018_05_20_02_01_06_2018_05_21_02_01_06.zip,25-08-2017-RA-ELIFE-23456.xml,23456,1,12,Senior Editor Assigned,16666,16666,1524387548
1526868166,ejp_eLife_2018_05_20_02_01_06_2018_05_21_02_01_06.zip,25-08-2017-RA-ELIFE-23456.xml,23456,1,13,Waiting for Deputy Editor Assignment,16666,16666,1524387548
1526868166,ejp_eLife_2018_05_20_02_01_06_2018_05_21_02_01_06.zip,25-08-2017-RA-ELIFE-23456.xml,23456,1,14,Deputy Editor Assigned,16666,16666,1524387548
1526868166,ejp_eLife_2018_05_20_02_01_06_2018_05_21_02_01_06.zip,25-08-2017-RA-ELIFE-23456.xml,23456,1,15,Reviewing Editor Assigned,16666,16666,1524387548
1526868166,ejp_eLife_2018_05_20_02_01_06_2018_05_21_02_01_06.zip,25-08-2017-RA-ELIFE-23456.xml,23456,1,16,Reviewing Editor Accept,16666,16666,1524387548
1526868166,ejp_eLife_2018_05_20_02_01_06_2018_05_21_02_01_06.zip,25-08-2017-RA-ELIFE-23456.xml,23456,1,17,Reviewing Editor Assigned,16666,16666,1524387548
1526868166,ejp_eLife_2018_05_20_02_01_06_2018_05_21_02_01_06.zip,25-08-2017-RA-ELIFE-23456.xml,23456,1,18,Waiting for Reviewer Assignment,16666,16666,1524387548
1526868166,ejp_eLife_2018_05_20_02_01_06_2018_05_21_02_01_06.zip,25-08-2017-RA-ELIFE-23456.xml,23456,1,19,Manuscript Consultation Session Started,21111,21111,1526553226
1526868166,ejp_eLife_2018_05_20_02_01_06_2018_05_21_02_01_06.zip,25-08-2017-RA-ELIFE-23456.xml,23456,1,20,Manuscript Consultation Session Started,17777,17777,1526812178
1526868166,ejp_eLife_2018_05_20_02_01_06_2018_05_21_02_01_06.zip,26-01-2018-RA-eLife-35453.xml,35453,0,0,Preliminary Manuscript Data Submitted,31111,31111,1518262417
1526868166,ejp_eLife_2018_05_20_02_01_06_2018_05_21_02_01_06.zip,26-01-2018-RA-eLife-35453.xml,35453,0,1,Author Approved Converted Files,31111,31111,1518266226
1526868166,ejp_eLife_2018_05_20_02_01_06_2018_05_21_02_01_06.zip,26-01-2018-RA-eLife-35453.xml,35453,0,2,Senior Editor Assigned,31111,31111,1518266227
1526868166,ejp_eLife_2018_05_20_02_01_06_2018_05_21_02_01_06.zip,26-01-2018-RA-eLife-35453.xml,35453,0,3,Initial QC Started,31111,31111,1518266227
1526868166,ejp_eLife_2018_05_20_02_01_06_2018_05_21_02_01_06.zip,26-01-2018-RA-eLife-35453.xml,35453,0,4,Initial QC Complete,03333,03333,1519377492
1526868166,ejp_eLife_2018_05_20_02_01_06_2018_05_21_02_01_06.zip,26-01-2018-RA-eLife-35453.xml,35453,0,5,Waiting for Reviewing Editor Assignment,03333,03333,1519377492
1526868166,ejp_eLife_2018_05_20_02_01_06_2018_05_21_02_01_06.zip,26-01-2018-RA-eLife-35453.xml,35453,0,6,Reviewing Editor Assigned,03333,03333,1519377542
1526868166,ejp_eLife_2018_05_20_02_01_06_2018_05_21_02_01_06.zip,26-01-2018-RA-eLife-35453.xml,35453,0,7,Reviewing Editor Assigned,03333,03333,1519377542
1526868166,ejp_eLife_2018_05_20_02_01_06_2018_05_21_02_01_06.zip,26-01-2018-RA-eLife-35453.xml,35453,0,8,Reviewing Editor Accept,03333,03333,1519377555
1526868166,ejp_eLife_2018_05_20_02_01_06_2018_05_21_02_01_06.zip,26-01-2018-RA-eLife-35453.xml,35453,0,9,Reviewing Editor Assigned,03333,03333,1519377555
1526868166,ejp_eLife_2018_05_20_02_01_06_2018_05_21_02_01_06.zip,26-01-2018-RA-eLife-35453.xml,35453,0,10,Waiting for Reviewer Assignment,03333,03333,1519377555
1526868166,ejp_eLife_2018_05_20_02_01_06_2018_05_21_02_01_06.zip,26-01-2018-RA-eLife-35453.xml,35453,0,11,Reviewers Assigned,32222,32222,1519543116
1526868166,ejp_eLife_2018_05_20_02_01_06_2018_05_21_02_01_06.zip,26-01-2018-RA-eLife-35453.xml,35453,0,12,Contacting Reviewers,34444,32222,1519543121
1526868166,ejp_eLife_2018_05_20_02_01_06_2018_05_21_02_01_06.zip,26-01-2018-RA-eLife-35453.xml,35453,0,13,Contacting Reviewers,35555,32222,1519543324
1526868166,ejp_eLife_2018_05_20_02_01_06_2018_05_21_02_01_06.zip,26-01-2018-RA-eLife-35453.xml,35453,0,14,Reviewers Assigned,32222,32222,1519546188
1526868166,ejp_eLife_2018_05_20_02_01_06_2018_05_21_02_01_06.zip,26-01-2018-RA-eLife-35453.xml,35453,0,15,Reviewers Accept,32222,32222,1519546194
1526868166,ejp_eLife_2018_05_20_02_01_06_2018_05_21_02_01_06.zip,26-01-2018-RA-eLife-35453.xml,35453,0,16,First Reviewer Accepted,32222,32222,1519546194
1526868166,ejp_eLife_2018_05_20_02_01_06_2018_05_21_02_01_06.zip,26-01-2018-RA-eLife-35453.xml,35453,0,17,Review Started,32222,32222,1519546194
1526868166,ejp_eLife_2018_05_20_02_01_06_2018_05_21_02_01_06.zip,26-01-2018-RA-eLife-35453.xml,35453,0,18,Reviewers Accept,34444,34444,1519565451
1526868166,ejp_eLife_2018_05_20_02_01_06_2018_05_21_02_01_06.zip,26-01-2018-RA-eLife-35453.xml,35453,0,19,Review Started,34444,34444,1519565451
1526868166,ejp_eLife_2018_05_20_02_01_06_2018_05_21_02_01_06.zip,26-01-2018-RA-eLife-35453.xml,35453,0,20,Review Received,34444,34444,1519669021
1526868166,ejp_eLife_2018_05_20_02_01_06_2018_05_21_02_01_06.zip,26-01-2018-RA-eLife-35453.xml,35453,0,21,Reviewers Assigned,32222,32222,1519706791
1526868166,ejp_eLife_2018_05_20_02_01_06_2018_05_21_02_01_06.zip,26-01-2018-RA-eLife-35453.xml,35453,0,22,Contacting Reviewers,36666,32222,1519706796
1526868166,ejp_eLife_2018_05_20_02_01_06_2018_05_21_02_01_06.zip,26-01-2018-RA-eLife-35453.xml,35453,0,23,Reviewers Accept,36666,36666,1519927586
1526868166,ejp_eLife_2018_05_20_02_01_06_2018_05_21_02_01_06.zip,26-01-2018-RA-eLife-35453.xml,35453,0,24,Review Started,36666,36666,1519927586
1526868166,ejp_eLife_2018_05_20_02_01_06_2018_05_21_02_01_06.zip,26-01-2018-RA-eLife-35453.xml,35453,0,25,All Reviewers Assigned,36666,36666,1519927586
1526868166,ejp_eLife_2018_05_20_02_01_06_2018_05_21_02_01_06.zip,26-01-2018-RA-eLife-35453.xml,35453,0,26,Review Received,32222,32222,1521290014
1526868166,ejp_eLife_2018_05_20_02_01_06_2018_05_21_02_01_06.zip,26-01-2018-RA-eLife-35453.xml,35453,0,27,Review Received,36666,36666,1522267364
1526868166,ejp_eLife_2018_05_20_02_01_06_2018_05_21_02_01_06.zip,26-01-2018-RA-eLife-35453.xml,35453,0,28,Review Complete,36666,36666,1522267365
1526868166,ejp_eLife_2018_05_20_02_01_06_2018_05_21_02_01_06.zip,26-01-2018-RA-eLife-35453.xml,35453,0,29,Reviewing Editor Decision Started,36666,36666,1522267365
1526868166,ejp_eLife_2018_05_20_02_01_06_2018_05_21_02_01_06.zip,26-01-2018-RA-eLife-35453.xml,35453,0,30,Reviewing Editor Decision Started,33333,33333,1525094022
1526868166,ejp_eLife_2018_05_20_02_01_06_2018_05_21_02_01_06.zip,26-01-2018-RA-eLife-35453.xml,35453,0,31,Reviewing Editor Decision Completed,32222,32222,1526020979
1526868166,ejp_eLife_2018_05_20_02_01_06_2018_05_21_02_01_06.zip,26-01-2018-RA-eLife-35453.xml,35453,0,32,Manuscript Revise and Re-Review,32222,32222,1526020979
1526868166,ejp_eLife_2018_05_20_02_01_06_2018_05_21_02_01_06.zip,26-01-2018-RA-eLife-35453.xml,35453,0,33,Proofing Decision Letter Started,32222,32222,1526020979
1526868166,ejp_eLife_2018_05_20_02_01_06_2018_05_21_02_01_06.zip,26-01-2018-RA-eLife-35453.xml,35453,0,34,Proofing Decision Letter Completed,37777,37777,1526033231
1526868166,ejp_eLife_2018_05_20_02_01_06_2018_05_21_02_01_06.zip,26-01-2018-RA-eLife-35453.xml,35453,0,35,Waiting to Send Decision to Author,37777,37777,1526033231
1526868166,ejp_eLife_2018_05_20_02_01_06_2018_05_21_02_01_06.zip,26-01-2018-RA-eLife-35453.xml,35453,0,36,Decision Sent to Author,18888,18888,1526070560
1526868166,ejp_eLife_2018_05_20_02_01_06_2018_05_21_02_01_06.zip,26-01-2018-RA-eLife-35453.xml,35453,0,37,Waiting for Revision,18888,18888,1526070560
1526868166,ejp_eLife_2018_05_20_02_01_06_2018_05_21_02_01_06.zip,26-01-2018-RA-eLife-35453.xml,35453,0,38,Revision Received,31111,31111,1526866989
1526868166,ejp_eLife_2018_05_20_02_01_06_2018_05_21_02_01_06.zip,26-01-2018-RA-eLife-35453.xml,35453,0,39,Revision Received,31111,31111,1526866992
1526868166,ejp_eLife_2018_05_20_02_01_06_2018_05_21_02_01_06.zip,26-01-2018-RA-eLife-35453.xml,35453,1,0,Preliminary Manuscript Data Submitted,31111,31111,1526866989
1526868166,ejp_eLife_2018_05_20_02_01_06_2018_05_21_02_01_06.zip,26-01-2018-RA-eLife-35453.xml,35453,1,1,Preliminary Manuscript Data Submitted,31111,31111,1526866992
1526868166,ejp_eLife_2018_05_20_02_01_06_2018_05_21_02_01_06.zip,26-01-2018-RA-eLife-35453.xml,35453,2,0,Preliminary Manuscript Data Submitted,31111,31111,1526866989
1526868166,ejp_eLife_2018_05_20_02_01_06_2018_05_21_02_01_06.zip,26-01-2018-RA-eLife-34567.xml,34567,2,1,Preliminary Manuscript Data Submitted,31111,31111,1526866992
